{
  "nodes": [
    {
      "id": "node_1775160638079",
      "type": "orifice",
      "position": {
        "x": 505.6199573415864,
        "y": 291
      },
      "data": {
        "id": "node_1775160638079",
        "area": 0.004,
        "Cd": 0.5,
        "result": {
          "m_dot": 0.9989017139027481,
          "success": true,
          "mach": 0.6911326043830914,
          "p_ratio": 0.7265524764413047,
          "Cd": 0.6062418246280653,
          "auto_Cd": 1,
          "mu": 0.000016769307228865715,
          "k": 0.02157540857806122,
          "Pr": 0.7809884507496003
        },
        "auto_Cd": true
      },
      "width": 120,
      "height": 48,
      "selected": true,
      "dragging": false,
      "positionAbsolute": {
        "x": 505.6199573415864,
        "y": 291
      }
    },
    {
      "id": "node_1775160651783",
      "type": "pressure_boundary",
      "position": {
        "x": -85.7359134264849,
        "y": 280.1793025477511
      },
      "data": {
        "id": "node_1775160651783",
        "P_total": 141325,
        "T_total": 300,
        "composition": {
          "source": "dry_air",
          "mode": "mole",
          "relative_humidity": 0
        },
        "result": {
          "state": {
            "T": 300,
            "P": 101325,
            "P_total": null,
            "rho": 1.176657809993619,
            "h": -3575.223592531818,
            "s": 6870.422148298119,
            "mach": 0,
            "Y": [
              0.7551372949174585,
              0.23142903914882754,
              0.012825933404852044,
              0.0006077325288618577,
              0,
              0,
              0,
              0,
              0,
              0,
              0,
              0,
              0,
              0
            ],
            "X": [
              0.7808,
              0.2095,
              0.0093,
              0.0004,
              0,
              0,
              0,
              0,
              0,
              0,
              0,
              0,
              0,
              0
            ],
            "cp": 1004.8205742416111,
            "cv": 717.7787536448213,
            "gamma": 1.3999029215328749,
            "a": 347.2019656866425
          },
          "success": true
        }
      },
      "width": 128,
      "height": 56,
      "selected": false,
      "positionAbsolute": {
        "x": -85.7359134264849,
        "y": 280.1793025477511
      },
      "dragging": false
    },
    {
      "id": "node_1775160654836",
      "type": "pressure_boundary",
      "position": {
        "x": 922.3194305229919,
        "y": 310.32449824002015
      },
      "data": {
        "id": "node_1775160654836",
        "P_total": 101325,
        "T_total": 300,
        "composition": {
          "source": "dry_air",
          "mode": "mole",
          "relative_humidity": 0
        },
        "result": {
          "state": {
            "T": 300,
            "P": 101325,
            "P_total": null,
            "rho": 1.176657809993619,
            "h": -3575.223592531818,
            "s": 6870.422148298119,
            "mach": 0,
            "Y": [
              0.7551372949174585,
              0.23142903914882754,
              0.012825933404852044,
              0.0006077325288618577,
              0,
              0,
              0,
              0,
              0,
              0,
              0,
              0,
              0,
              0
            ],
            "X": [
              0.7808,
              0.2095,
              0.0093,
              0.0004,
              0,
              0,
              0,
              0,
              0,
              0,
              0,
              0,
              0,
              0
            ],
            "cp": 1004.8205742416111,
            "cv": 717.7787536448213,
            "gamma": 1.3999029215328749,
            "a": 347.2019656866425
          },
          "success": true
        }
      },
      "width": 128,
      "height": 56
    },
    {
      "id": "node_1775160714518",
      "type": "pipe",
      "position": {
        "x": 276.00643488074354,
        "y": 294.64899648004024
      },
      "data": {
        "id": "node_1775160714518",
        "L": 1,
        "D": 0.1,
        "roughness": 0.00001,
        "result": {
          "m_dot": 0.9989017139027481,
          "success": true,
          "mach_in": 0.22325006080720255,
          "mach_out": 0.22426998946197704,
          "p_ratio_total": 0.9954541899101226,
          "mu": 0.000016769307228865715,
          "k": 0.02157540857806122,
          "Pr": 0.7809884507496003
        }
      },
      "width": 140,
      "height": 56,
      "selected": false,
      "positionAbsolute": {
        "x": 276.00643488074354,
        "y": 294.64899648004024
      },
      "dragging": false
    },
    {
      "id": "node_1775160728524",
      "type": "pipe",
      "position": {
        "x": 728.1843702647791,
        "y": 293.4431886523494
      },
      "data": {
        "id": "node_1775160728524",
        "L": 1,
        "D": 0.1,
        "roughness": 0.00001,
        "result": {
          "m_dot": 0.9989017139027481,
          "success": true,
          "mach_in": 0.30860991283411837,
          "mach_out": 0.3113153392262846,
          "p_ratio_total": 0.9909022188885089,
          "mu": 0.000016769307228865715,
          "k": 0.02157540857806122,
          "Pr": 0.7809884507496003
        }
      },
      "width": 140,
      "height": 56,
      "selected": false,
      "positionAbsolute": {
        "x": 728.1843702647791,
        "y": 293.4431886523494
      },
      "dragging": false
    },
    {
      "id": "node_1775160768506",
      "type": "momentum_chamber",
      "position": {
        "x": 72.22491200100484,
        "y": 281.38511037544185
      },
      "data": {
        "id": "node_1775160768506",
        "area": 0.1,
        "result": {
          "state": {
            "T": 300,
            "P": 141294.5942020597,
            "P_total": 141325,
            "rho": 1.6408131041473737,
            "h": -3575.2235925318178,
            "s": 6774.976764879886,
            "mach": 0.017534018773133396,
            "Y": [
              0.7551372949174586,
              0.23142903914882756,
              0.012825933404852045,
              0.0006077325288618578,
              0,
              0,
              0,
              0,
              0,
              0,
              0,
              0,
              0,
              0
            ],
            "X": [
              0.7808,
              0.20949999999999996,
              0.0093,
              0.00039999999999999996,
              0,
              0,
              0,
              0,
              0,
              0,
              0,
              0,
              0,
              0
            ],
            "cp": 1004.8205742611005,
            "cv": 717.7787536608774,
            "gamma": 1.3999029215287127,
            "a": 347.20196568820273,
            "mu": 0.000016769307228865715,
            "k": 0.02157540857806122,
            "Pr": 0.7809884507496003,
            "Re": 212550.77662033806,
            "Dh": 0.3568248232305542,
            "velocity": 6.087845784445764
          },
          "success": true
        }
      },
      "width": 160,
      "height": 72,
      "selected": false,
      "positionAbsolute": {
        "x": 72.22491200100484,
        "y": 281.38511037544185
      },
      "dragging": false
    }
  ],
  "edges": [
    {
      "source": "node_1775160714518",
      "sourceHandle": "flow-source",
      "target": "node_1775160638079",
      "targetHandle": "flow-target",
      "id": "edge_1775160724338",
      "type": "default",
      "data": null
    },
    {
      "source": "node_1775160638079",
      "sourceHandle": "flow-source",
      "target": "node_1775160728524",
      "targetHandle": "flow-target",
      "id": "edge_1775160730958",
      "type": "default",