test_name,derivative,analytical,finite_diff,abs_diff,rel_diff
OrificeDerivatives,d_mdot_dP_total_up,0.000004745402,0.000004745343,0.000000000059,0.000012499853
OrificeDerivatives,d_mdot_dP_static_down,-0.000004745402,-0.000004745461,0.000000000059,0.000012500164
OrificeDerivatives,d_mdot_dP_static_up,0.000000499511,0.000000499510,0.000000000001,0.000001315743
OrificeDerivatives,d_mdot_dT_up,-0.000316356847,-0.000316356848,0.000000000000,0.000000000384
PipeDerivatives,d_dP_d_mdot,16957.450547523302,16957.450547029111,0.000000494190,0.000000000029
PipeDerivatives,d_dP_dP_static_up,-0.023037495301,-0.023037495301,0.000000000000,0.000000000000
PipeDerivatives,d_dP_dT_up,15.332370453052,15.332370468004,0.000000014952,0.000000000975
OrificeCompressibleDerivatives,d_mdot_dP_total_up,0.000000269739,0.000000269739,0.000000000000,0.000000000161
OrificeCompressibleDerivatives,d_mdot_dP_static_down,-0.000000175493,-0.000000175493,0.000000000000,0.000000003107
OrificeCompressibleDerivatives,d_mdot_dT_up,-0.000046105132,-0.000046105133,0.000000000001,0.000000015727
PipeCompressibleDerivatives,d_dP_d_mdot,59907.338327320758,59907.338282209814,0.000045110944,0.000000000753
PipeCompressibleDerivatives,d_dP_dP_static_up,-0.062029828332,-0.062029828186,0.000000000146,0.000000002346
PipeCompressibleDerivatives,d_dP_dT_up,30.570989692933,30.570989925764,0.000000232831,0.000000007616
MomentumChamberDerivatives,d_res_dP,-0.978947594989,-0.978947802757,0.000000207769,0.000000212237
MomentumChamberDerivatives,d_res_dP_total,1.000000000000,1.000000000000,0.000000000000,0.000000000000
MomentumChamberDerivatives,d_res_dmdot,-8532.539751031518,-8532.539751033710,0.000000002192,0.000000000000
AdiabaticTCompleteDerivatives,dT_ad_dT_in,0.688841885665,0.688841885221,0.000000000444,0.000000000645
AdiabaticTEquilibriumDerivatives,dT_ad_dT_in,0.708261943041,0.708261943373,0.000000000332,0.000000000468
AdiabaticTEquilibriumDerivatives,dT_ad_dP,-0.000000000181,-0.000000000181,0.000000000000,0.000060761032
T0FromStaticDerivatives,dT0_dM,59.723648340189,59.723618542762,0.000029797427,0.000000498922
T0FromStaticDerivatives,dT0_dM_high,95.408295192119,95.408276689568,0.000018502551,0.000000193930
P0FromStaticDerivatives,dP0_dM,80043.942211494737,80043.891865352634,0.050346142103,0.000000628982
P0FromStaticDerivatives,dP0_dM_high,153223.157490230020,153223.109437385574,0.048052844446,0.000000313614
AdiabaticWallDerivatives,dT_aw_dv,0.136428206773,0.136428206787,0.000000000013,0.000000000098
