{
  "run_utc": "2026-03-20T10:51:11.838814+00:00",
  "repeats": 3,
  "case_timeout_s": 90.0,
  "solver_timeout_s": 25.0,
  "cases": {
    "simple_network": {
      "success_count": 3,
      "attempts": 3,
      "timeout_count": 0,
      "success_rate": 1.0,
      "messages": [
        "The solution converged.",
        "The solution converged.",
        "The solution converged."
      ],
      "mean_s": 0.004080541665947142,
      "median_s": 0.0040659999976924155,
      "min_s": 0.004050125000503613,
      "max_s": 0.004125499999645399,
      "median_final_norm": 2.6000634534285124e-08,
      "max_final_norm": 2.6000634534285124e-08
    },
    "fully_coupled_heat_transfer": {
      "success_count": 3,
      "attempts": 3,
      "timeout_count": 0,
      "success_rate": 1.0,
      "messages": [
        "The solution converged.",
        "The solution converged.",
        "The solution converged."
      ],
      "mean_s": 0.007222597333263063,
      "median_s": 0.007234124997921754,
      "min_s": 0.00716649999958463,
      "max_s": 0.007267167002282804,
      "median_final_norm": 5.483192805231188e-07,
      "max_final_norm": 5.483192805231188e-07
    },
    "compressible_flow_network": {
      "success_count": 3,
      "attempts": 3,
      "timeout_count": 0,
      "success_rate": 1.0,
      "messages": [
        "The solution converged.",
        "The solution converged.",
        "The solution converged."
      ],
      "mean_s": 0.45238286133341415,
      "median_s": 0.45021012500001234,
      "min_s": 0.4478036670006986,
      "max_s": 0.45913479199953144,
      "median_final_norm": 1.920852810144427e-09,
      "max_final_norm": 1.920852810144427e-09
    },
    "combustion_network": {
      "success_count": 3,
      "attempts": 3,
      "timeout_count": 0,
      "success_rate": 1.0,
      "messages": [
        "The solution converged.",
        "The solution converged.",
        "The solution converged."
      ],
      "mean_s": 0.06690933333447902,
      "median_s": 0.06695475000014994,
      "min_s": 0.06650587500189431,
      "max_s": 0.06726737500139279,
      "median_final_norm": 3.758962048068239e-07,
      "max_final_norm": 3.758962048068239e-07
    },
    "fully_coupled_combustion_network": {
      "success_count": 3,
      "attempts": 3,
      "timeout_count": 0,
      "success_rate": 1.0,
      "messages": [
        "ok",
        "ok",
        "ok"
      ],
      "mean_s": 0.06063344466868633,
      "median_s": 0.04726212500099791,
      "min_s": 0.04610991700246814,
      "max_s": 0.08852829200259293
    }
  }
}
