{
  "run_utc": "2026-03-20T10:43:42.656466+00:00",
  "repeats": 3,
  "case_timeout_s": 90.0,
  "solver_timeout_s": 25.0,
  "cases": {
    "simple_network": {
      "success_count": 3,
      "attempts": 3,
      "timeout_count": 0,
      "success_rate": 1.0,
      "messages": [
        "The solution converged.",
        "The solution converged.",
        "The solution converged."
      ],
      "mean_s": 0.004225318999184917,
      "median_s": 0.004160332999163074,
      "min_s": 0.0041512909992889035,
      "max_s": 0.004364332999102771,
      "median_final_norm": 2.6000634534285124e-08,
      "max_final_norm": 2.6000634534285124e-08
    },
    "fully_coupled_heat_transfer": {
      "success_count": 3,
      "attempts": 3,
      "timeout_count": 0,
      "success_rate": 1.0,
      "messages": [
        "The solution converged.",
        "The solution converged.",
        "The solution converged."
      ],
      "mean_s": 0.006627569334038223,
      "median_s": 0.006545208001625724,
      "min_s": 0.006416708001779625,
      "max_s": 0.006920791998709319,
      "median_final_norm": 5.483192805231188e-07,
      "max_final_norm": 5.483192805231188e-07
    },
    "compressible_flow_network": {
      "success_count": 3,
      "attempts": 3,
      "timeout_count": 0,
      "success_rate": 1.0,
      "messages": [
        "The solution converged.",
        "The solution converged.",
        "The solution converged."
      ],
      "mean_s": 0.4435246670000197,
      "median_s": 0.44521083300060127,
      "min_s": 0.4350992090003274,
      "max_s": 0.4502639589991304,
      "median_final_norm": 1.920852810144427e-09,
      "max_final_norm": 1.920852810144427e-09
    },
    "combustion_network": {
      "success_count": 3,
      "attempts": 3,
      "timeout_count": 0,
      "success_rate": 1.0,
      "messages": [
        "The solution converged.",
        "The solution converged.",
        "The solution converged."
      ],
      "mean_s": 0.06560916666664222,
      "median_s": 0.0649375000029977,
      "min_s": 0.06489391699869884,
      "max_s": 0.06699608299823012,
      "median_final_norm": 3.758962048068239e-07,
      "max_final_norm": 3.758962048068239e-07
    },
    "fully_coupled_combustion_network": {
      "success_count": 3,
      "attempts": 3,
      "timeout_count": 0,
      "success_rate": 1.0,
      "messages": [
        "ok",
        "ok",
        "ok"
      ],
      "mean_s": 0.04544676366640488,
      "median_s": 0.045406582998111844,
      "min_s": 0.045174250000854954,
      "max_s": 0.04575945800024783
    }
  }
}
