{
  "run_utc": "2026-03-20T19:59:57.363118+00:00",
  "repeats": 3,
  "case_timeout_s": 90.0,
  "solver_timeout_s": 25.0,
  "cases": {
    "simple_network": {
      "success_count": 3,
      "attempts": 3,
      "timeout_count": 0,
      "success_rate": 1.0,
      "messages": [
        "The solution converged.",
        "The solution converged.",
        "The solution converged."
      ],
      "mean_s": 0.0044787500009988435,
      "median_s": 0.004558124994218815,
      "min_s": 0.004298875006497838,
      "max_s": 0.004579250002279878,
      "median_final_norm": 2.6000634534285124e-08,
      "max_final_norm": 2.6000634534285124e-08
    },
    "fully_coupled_heat_transfer": {
      "success_count": 3,
      "attempts": 3,
      "timeout_count": 0,
      "success_rate": 1.0,
      "messages": [
        "The solution converged.",
        "The solution converged.",
        "The solution converged."
      ],
      "mean_s": 0.007971500002895482,
      "median_s": 0.00789187500049593,
      "min_s": 0.007518000005802605,
      "max_s": 0.008504625002387911,
      "median_final_norm": 2.345019807412025e-06,
      "max_final_norm": 2.345019807412025e-06
    },
    "compressible_flow_network": {
      "success_count": 3,
      "attempts": 3,
      "timeout_count": 0,
      "success_rate": 1.0,
      "messages": [
        "The solution converged.",
        "The solution converged.",
        "The solution converged."
      ],
      "mean_s": 0.4045951109995561,
      "median_s": 0.40446591599902604,
      "min_s": 0.4036991670000134,
      "max_s": 0.40562024999962887,
      "median_final_norm": 1.9208528101444306e-09,
      "max_final_norm": 1.9208528101444306e-09
    },
    "combustion_network": {
      "success_count": 3,
      "attempts": 3,
      "timeout_count": 0,
      "success_rate": 1.0,
      "messages": [
        "The solution converged.",
        "The solution converged.",
        "The solution converged."
      ],
      "mean_s": 0.086152555665952,
      "median_s": 0.0706509579977137,
      "min_s": 0.07057324999914272,
      "max_s": 0.11723345900099957,
      "median_final_norm": 3.758962048068239e-07,
      "max_final_norm": 3.758962048068239e-07
    },
    "fully_coupled_combustion_network": {
      "success_count": 0,
      "attempts": 3,
      "timeout_count": 0,
      "success_rate": 0.0,
      "messages": [
        "Unexpected error during residual evaluation: solver_interface::adiabatic_T_equilibrium requires T_in > 0 and P > 0",
        "Unexpected error during residual evaluation: solver_interface::adiabatic_T_equilibrium requires T_in > 0 and P > 0",
        "Unexpected error during residual evaluation: solver_interface::adiabatic_T_equilibrium requires T_in > 0 and P > 0"
      ],
      "mean_s": 0.13962563933455385,
      "median_s": 0.13953858400054742,
      "min_s": 0.13899520900304196,
      "max_s": 0.14034312500007218,
      "median_final_norm": 53259461.38489253,
      "max_final_norm": 53259461.38489253
    }
  }
}
