{
  "run_utc": "2026-03-20T10:46:25.141570+00:00",
  "repeats": 4,
  "case_timeout_s": 90.0,
  "solver_timeout_s": 25.0,
  "cases": {
    "simple_network": {
      "success_count": 4,
      "attempts": 4,
      "timeout_count": 0,
      "success_rate": 1.0,
      "messages": [
        "The solution converged.",
        "The solution converged.",
        "The solution converged.",
        "The solution converged."
      ],
      "mean_s": 0.004017989500425756,
      "median_s": 0.003972145499574253,
      "min_s": 0.003877458999340888,
      "max_s": 0.004250208003213629,
      "median_final_norm": 2.6000634534285124e-08,
      "max_final_norm": 2.6000634534285124e-08
    },
    "fully_coupled_heat_transfer": {
      "success_count": 4,
      "attempts": 4,
      "timeout_count": 0,
      "success_rate": 1.0,
      "messages": [
        "The solution converged.",
        "The solution converged.",
        "The solution converged.",
        "The solution converged."
      ],
      "mean_s": 0.006983271000535751,
      "median_s": 0.006960000500839669,
      "min_s": 0.0067624580005940516,
      "max_s": 0.007250624999869615,
      "median_final_norm": 5.483192805231188e-07,
      "max_final_norm": 5.483192805231188e-07
    },
    "compressible_flow_network": {
      "success_count": 4,
      "attempts": 4,
      "timeout_count": 0,
      "success_rate": 1.0,
      "messages": [
        "The solution converged.",
        "The solution converged.",
        "The solution converged.",
        "The solution converged."
      ],
      "mean_s": 0.4298943124995276,
      "median_s": 0.43009183349931845,
      "min_s": 0.4273656250006752,
      "max_s": 0.43202795799879823,
      "median_final_norm": 1.920852810144427e-09,
      "max_final_norm": 1.920852810144427e-09
    },
    "combustion_network": {
      "success_count": 4,
      "attempts": 4,
      "timeout_count": 0,
      "success_rate": 1.0,
      "messages": [
        "The solution converged.",
        "The solution converged.",
        "The solution converged.",
        "The solution converged."
      ],
      "mean_s": 0.0641286352501993,
      "median_s": 0.06418918750023295,
      "min_s": 0.06390616600037902,
      "max_s": 0.06422999999995227,
      "median_final_norm": 3.758962048068239e-07,
      "max_final_norm": 3.758962048068239e-07
    },
    "fully_coupled_combustion_network": {
      "success_count": 4,
      "attempts": 4,
      "timeout_count": 0,
      "success_rate": 1.0,
      "messages": [
        "ok",
        "ok",
        "ok",
        "ok"
      ],
      "mean_s": 0.0506401040001947,
      "median_s": 0.04453185400052462,
      "min_s": 0.04418233300020802,
      "max_s": 0.06931437499952153
    }
  }
}
