{
  "run_utc": "2026-03-20T10:42:24.335334+00:00",
  "repeats": 2,
  "case_timeout_s": 90.0,
  "solver_timeout_s": 25.0,
  "cases": {
    "simple_network": {
      "success_count": 2,
      "attempts": 2,
      "timeout_count": 0,
      "success_rate": 1.0,
      "messages": [
        "The solution converged.",
        "The solution converged."
      ],
      "mean_s": 0.0040295415001310175,
      "median_s": 0.0040295415001310175,
      "min_s": 0.00396237500171992,
      "max_s": 0.004096707998542115,
      "median_final_norm": 2.6000634534285124e-08,
      "max_final_norm": 2.6000634534285124e-08
    },
    "fully_coupled_heat_transfer": {
      "success_count": 2,
      "attempts": 2,
      "timeout_count": 0,
      "success_rate": 1.0,
      "messages": [
        "The solution converged.",
        "The solution converged."
      ],
      "mean_s": 0.007213020999188302,
      "median_s": 0.007213020999188302,
      "min_s": 0.007190208001702558,
      "max_s": 0.007235833996674046,
      "median_final_norm": 5.483192805231188e-07,
      "max_final_norm": 5.483192805231188e-07
    },
    "compressible_flow_network": {
      "success_count": 2,
      "attempts": 2,
      "timeout_count": 0,
      "success_rate": 1.0,
      "messages": [
        "The solution converged.",
        "The solution converged."
      ],
      "mean_s": 0.444596270999682,
      "median_s": 0.444596270999682,
      "min_s": 0.44324575000064215,
      "max_s": 0.4459467919987219,
      "median_final_norm": 1.920852810144427e-09,
      "max_final_norm": 1.920852810144427e-09
    },
    "combustion_network": {
      "success_count": 2,
      "attempts": 2,
      "timeout_count": 0,
      "success_rate": 1.0,
      "messages": [
        "The solution converged.",
        "The solution converged."
      ],
      "mean_s": 0.09145877049923001,
      "median_s": 0.09145877049923001,
      "min_s": 0.0669864579977002,
      "max_s": 0.11593108300075983,
      "median_final_norm": 3.758962048068239e-07,
      "max_final_norm": 3.758962048068239e-07
    },
    "fully_coupled_combustion_network": {
      "success_count": 2,
      "attempts": 2,
      "timeout_count": 0,
      "success_rate": 1.0,
      "messages": [
        "ok",
        "ok"
      ],
      "mean_s": 0.04584347899799468,
      "median_s": 0.04584347899799468,
      "min_s": 0.045615957998961676,
      "max_s": 0.046070999997027684
    }
  }
}
