{
  "run_utc": "2026-03-20T13:52:21.544965+00:00",
  "repeats": 3,
  "case_timeout_s": 90.0,
  "solver_timeout_s": 25.0,
  "cases": {
    "simple_network": {
      "success_count": 3,
      "attempts": 3,
      "timeout_count": 0,
      "success_rate": 1.0,
      "messages": [
        "The solution converged.",
        "The solution converged.",
        "The solution converged."
      ],
      "mean_s": 0.005239458000384427,
      "median_s": 0.004592000004777219,
      "min_s": 0.004451165994396433,
      "max_s": 0.006675208001979627,
      "median_final_norm": 2.6000634534285124e-08,
      "max_final_norm": 2.6000634534285124e-08
    },
    "fully_coupled_heat_transfer": {
      "success_count": 3,
      "attempts": 3,
      "timeout_count": 0,
      "success_rate": 1.0,
      "messages": [
        "The solution converged.",
        "The solution converged.",
        "The solution converged."
      ],
      "mean_s": 0.00903759733288704,
      "median_s": 0.006983958002820145,
      "min_s": 0.006637916994804982,
      "max_s": 0.013490917001035996,
      "median_final_norm": 5.483192805231188e-07,
      "max_final_norm": 5.483192805231188e-07
    },
    "compressible_flow_network": {
      "success_count": 3,
      "attempts": 3,
      "timeout_count": 0,
      "success_rate": 1.0,
      "messages": [
        "The solution converged.",
        "The solution converged.",
        "The solution converged."
      ],
      "mean_s": 0.4426339306664886,
      "median_s": 0.4405285839966382,
      "min_s": 0.4396512500024983,
      "max_s": 0.4477219580003293,
      "median_final_norm": 1.920852810144427e-09,
      "max_final_norm": 1.920852810144427e-09
    },
    "combustion_network": {
      "success_count": 3,
      "attempts": 3,
      "timeout_count": 0,
      "success_rate": 1.0,
      "messages": [
        "The solution converged.",
        "The solution converged.",
        "The solution converged."
      ],
      "mean_s": 0.06659827799982547,
      "median_s": 0.06736483400163706,
      "min_s": 0.06467174999852432,
      "max_s": 0.06775824999931501,
      "median_final_norm": 3.758962048068239e-07,
      "max_final_norm": 3.758962048068239e-07
    },
    "fully_coupled_combustion_network": {
      "success_count": 3,
      "attempts": 3,
      "timeout_count": 0,
      "success_rate": 1.0,
      "messages": [
        "ok",
        "ok",
        "ok"
      ],
      "mean_s": 0.04740961133453917,
      "median_s": 0.04822733299806714,
      "min_s": 0.04543116700369865,
      "max_s": 0.048570334001851734
    }
  }
}
