{
  "run_utc": "2026-03-20T19:24:47.355114+00:00",
  "repeats": 3,
  "case_timeout_s": 90.0,
  "solver_timeout_s": 25.0,
  "cases": {
    "simple_network": {
      "success_count": 3,
      "attempts": 3,
      "timeout_count": 0,
      "success_rate": 1.0,
      "messages": [
        "The solution converged.",
        "The solution converged.",
        "The solution converged."
      ],
      "mean_s": 0.004836249999546756,
      "median_s": 0.003900957999576349,
      "min_s": 0.003864207996230107,
      "max_s": 0.006743584002833813,
      "median_final_norm": 2.6000634534285124e-08,
      "max_final_norm": 2.6000634534285124e-08
    },
    "fully_coupled_heat_transfer": {
      "success_count": 3,
      "attempts": 3,
      "timeout_count": 0,
      "success_rate": 1.0,
      "messages": [
        "The solution converged.",
        "The solution converged.",
        "The solution converged."
      ],
      "mean_s": 0.007068319335909716,
      "median_s": 0.007056665999698453,
      "min_s": 0.007044417005090509,
      "max_s": 0.007103875002940185,
      "median_final_norm": 2.345019807412025e-06,
      "max_final_norm": 2.345019807412025e-06
    },
    "compressible_flow_network": {
      "success_count": 3,
      "attempts": 3,
      "timeout_count": 0,
      "success_rate": 1.0,
      "messages": [
        "The solution converged.",
        "The solution converged.",
        "The solution converged."
      ],
      "mean_s": 0.3684550136652736,
      "median_s": 0.3688612080004532,
      "min_s": 0.36759395799890626,
      "max_s": 0.36890987499646144,
      "median_final_norm": 1.9208528101444306e-09,
      "max_final_norm": 1.9208528101444306e-09
    },
    "combustion_network": {
      "success_count": 3,
      "attempts": 3,
      "timeout_count": 0,
      "success_rate": 1.0,
      "messages": [
        "The solution converged.",
        "The solution converged.",
        "The solution converged."
      ],
      "mean_s": 0.06380409733537817,
      "median_s": 0.06372441699932097,
      "min_s": 0.06341358300414868,
      "max_s": 0.06427429200266488,
      "median_final_norm": 3.758962048068239e-07,
      "max_final_norm": 3.758962048068239e-07
    },
    "fully_coupled_combustion_network": {
      "success_count": 3,
      "attempts": 3,
      "timeout_count": 0,
      "success_rate": 1.0,
      "messages": [
        "ok",
        "ok",
        "ok"
      ],
      "mean_s": 0.03898612499809436,
      "median_s": 0.03904591600439744,
      "min_s": 0.038795208994997665,
      "max_s": 0.03911724999488797
    }
  }
}
